date,open,high,low,open-1,high-1,low-1,open-2,high-2,low-2,updown
2018-01-04,0.9935678514375126,1.0,128.0754,0.9888571788806588,1.000811208796263,126.1081,0.9926769960410763,1.0004670324149434,124.4025,1
2018-01-05,0.9943972840549233,1.0000747748275551,129.7228,0.9935678514375126,1.0,128.0754,0.9888571788806588,1.000811208796263,126.1081,1
2018-01-08,0.9941380363800078,1.0001485398304961,130.6047,0.9943972840549233,1.0000747748275551,129.7228,0.9935678514375126,1.0,128.0754,0
2018-01-09,1.0007485312967108,1.000822612744633,129.5871,0.9941380363800078,1.0001485398304961,130.6047,0.9943972840549233,1.0000747748275551,129.7228,0
2018-01-10,1.0024193493478422,1.0065249806520138,132.1843,1.0007485312967108,1.000822612744633,129.5871,0.9941380363800078,1.0001485398304961,130.6047,1
2018-01-11,0.9983931093635297,1.0,132.6786,1.0024193493478422,1.0065249806520138,132.1843,1.0007485312967108,1.000822612744633,129.5871,1
2018-01-12,0.9962830814773811,1.0,132.9596,0.9983931093635297,1.0,132.6786,1.0024193493478422,1.0065249806520138,132.1843,0
2018-01-16,1.008915095680217,1.0110892721183373,133.7058,0.9962830814773811,1.0,132.9596,0.9983931093635297,1.0,132.6786,1
2018-01-17,0.9992894373282256,1.0019190325201581,136.3708,1.008915095680217,1.0110892721183373,133.7058,0.9962830814773811,1.0,132.9596,0
2018-01-18,1.0046164587697084,1.0049052665740694,134.3454,0.9992894373282256,1.0019190325201581,136.3708,1.008915095680217,1.0110892721183373,133.7058,0
2018-01-19,1.0002862883381034,1.003289364462025,135.5277,1.0046164587697084,1.0049052665740694,134.3454,0.9992894373282256,1.0019190325201581,136.3708,1
2018-01-22,0.9969154262737284,1.0,135.0916,1.0002862883381034,1.003289364462025,135.5277,1.0046164587697084,1.0049052665740694,134.3454,0
2018-01-23,1.0025130523881036,1.0025130523881036,134.9753,0.9969154262737284,1.0,135.0916,1.0002862883381034,1.003289364462025,135.5277,0
2018-01-24,1.0034527547074585,1.0044599318652445,134.733,1.0025130523881036,1.0025130523881036,134.9753,0.9969154262737284,1.0,135.0916,0
2018-01-25,1.0091188588096571,1.0091188588096571,133.9093,1.0034527547074585,1.0044599318652445,134.733,1.0025130523881036,1.0025130523881036,134.9753,1
2018-01-26,0.9984953411028448,1.001290235761934,135.2466,1.0091188588096571,1.0091188588096571,133.9093,1.0034527547074585,1.0044599318652445,134.733,0
2018-01-29,1.0030099632000566,1.0066648128645974,135.2176,0.9984953411028448,1.001290235761934,135.2466,1.0091188588096571,1.0091188588096571,133.9093,0
2018-01-30,1.0025786224878939,1.0046554150333173,135.3048,1.0030099632000566,1.0066648128645974,135.2176,0.9984953411028448,1.001290235761934,135.2466,0
2018-01-31,1.0038434114709784,1.004350678937851,133.6573,1.0025786224878939,1.0046554150333173,135.3048,1.0030099632000566,1.0066648128645974,135.2176,1
2018-02-01,0.9959653587351434,1.0032421357206633,134.5101,1.0038434114709784,1.004350678937851,133.6573,1.0025786224878939,1.0046554150333173,135.3048,0
2018-02-02,1.016688381578202,1.0173470042863346,132.3975,0.9959653587351434,1.0032421357206633,134.5101,1.0038434114709784,1.004350678937851,133.6573,0
2018-02-05,1.027059306622866,1.0316833851508573,127.8525,1.016688381578202,1.0173470042863346,132.3975,0.9959653587351434,1.0032421357206633,134.5101,1
2018-02-06,0.9682185208155787,1.0051884638666662,134.4714,1.027059306622866,1.0316833851508573,127.8525,1.016688381578202,1.0173470042863346,132.3975,0
2018-02-07,1.003360736376692,1.0138809418806707,132.6495,0.9682185208155787,1.0051884638666662,134.4714,1.027059306622866,1.0316833851508573,127.8525,0
2018-02-08,1.0280444781508682,1.0287138304143841,130.2752,1.003360736376692,1.0138809418806707,132.6495,0.9682185208155787,1.0051884638666662,134.4714,0
2018-02-09,1.004319636476561,1.0078345829325626,132.3491,1.0280444781508682,1.0287138304143841,130.2752,1.003360736376692,1.0138809418806707,132.6495,1
2018-02-12,0.9927932631027861,1.0027381287024602,134.4714,1.004319636476561,1.0078345829325626,132.3491,1.0280444781508682,1.0287138304143841,130.2752,1
2018-02-13,0.9930394608848879,1.0018515079894519,130.8663,0.9927932631027861,1.0027381287024602,134.4714,1.004319636476561,1.0078345829325626,132.3491,1
2018-02-14,0.9798473680161424,1.00081198570113,131.2831,0.9930394608848879,1.0018515079894519,130.8663,0.9927932631027861,1.0027381287024602,134.4714,1
2018-02-15,0.9979305699742713,1.0003699497097231,131.0989,0.9798473680161424,1.00081198570113,131.2831,0.9930394608848879,1.0018515079894519,130.8663,1
2018-02-16,0.998017281546778,1.0041116595512556,131.9905,0.9979305699742713,1.0003699497097231,131.0989,0.9798473680161424,1.00081198570113,131.2831,1
2018-02-20,0.998896326887771,1.0054469648229833,131.6513,0.998017281546778,1.0041116595512556,131.9905,0.9979305699742713,1.0003699497097231,131.0989,0
2018-02-21,1.0075661888423975,1.0126850784406485,130.6338,0.998896326887771,1.0054469648229833,131.6513,0.998017281546778,1.0041116595512556,131.9905,0
2018-02-22,1.0028836211994614,1.0070987901610446,131.0505,1.0075661888423975,1.0126850784406485,130.6338,0.998896326887771,1.0054469648229833,131.6513,1
2018-02-23,0.9929944546021379,1.000365225144358,132.7948,1.0028836211994614,1.0070987901610446,131.0505,1.0075661888423975,1.0126850784406485,130.6338,1
2018-02-26,0.9923422456385165,1.000939235909225,134.1516,0.9929944546021379,1.000365225144358,132.7948,1.0028836211994614,1.0070987901610446,131.0505,0
2018-02-27,1.0124975630700235,1.0141148501392367,131.8257,0.9923422456385165,1.000939235909225,134.1516,0.9929944546021379,1.000365225144358,132.7948,0
2018-02-28,1.0116643757009933,1.0120361944466378,130.4399,1.0124975630700235,1.0141148501392367,131.8257,0.9923422456385165,1.000939235909225,134.1516,0
2018-03-01,1.0236981452214742,1.0243114717383097,126.3601,1.0116643757009933,1.0120361944466378,130.4399,1.0124975630700235,1.0141148501392367,131.8257,1
2018-03-02,0.9891263722413929,1.0010722703922992,126.5539,1.0236981452214742,1.0243114717383097,126.3601,1.0116643757009933,1.0120361944466378,130.4399,1
2018-03-05,0.9871742148145697,1.0033592842770684,126.9318,0.9891263722413929,1.0010722703922992,126.5539,1.0236981452214742,1.0243114717383097,126.3601,0
2018-03-06,1.0025887664037048,1.0038065472612894,127.2807,0.9871742148145697,1.0033592842770684,126.9318,0.9891263722413929,1.0010722703922992,126.5539,1
2018-03-07,0.9973809234251958,1.001386242654464,125.8077,1.0025887664037048,1.0038065472612894,127.2807,0.9871742148145697,1.0033592842770684,126.9318,1
2018-03-08,0.9972211536393808,1.0019298207887017,125.5557,0.9973809234251958,1.001386242654464,125.8077,1.0025887664037048,1.0038065472612894,127.2807,1
2018-03-09,0.9916732568815368,1.0033152626193995,125.6914,0.9972211536393808,1.0019298207887017,125.5557,0.9973809234251958,1.001386242654464,125.8077,1
2018-03-12,0.9976985486685308,1.005063667944987,126.3116,0.9916732568815368,1.0033152626193995,125.6914,0.9972211536393808,1.0019298207887017,125.5557,0
2018-03-13,1.0050769117199982,1.0090004849895342,125.9821,0.9976985486685308,1.005063667944987,126.3116,0.9916732568815368,1.0033152626193995,125.6914,0
2018-03-14,1.0093076714866636,1.0093076714866636,125.9821,1.0050769117199982,1.0090004849895342,125.9821,0.9976985486685308,1.005063667944987,126.3116,0
2018-03-15,1.0013034177719073,1.0046779006980842,126.3601,1.0093076714866636,1.0093076714866636,125.9821,1.0050769117199982,1.0090004849895342,125.9821,0
2018-03-16,1.0013082340904993,1.00384844818972,125.8949,1.0013034177719073,1.0046779006980842,126.3601,1.0093076714866636,1.0093076714866636,125.9821,0
2018-03-19,1.0103253802398762,1.0118113890752116,123.8889,1.0013082340904993,1.00384844818972,125.8949,1.0013034177719073,1.0046779006980842,126.3601,1
2018-03-20,0.9945838619204137,1.0010833872897993,125.2553,1.0103253802398762,1.0118113890752116,123.8889,1.0013082340904993,1.00384844818972,125.8949,0
2018-03-21,1.0000774238452672,1.0071158101088402,125.2844,0.9945838619204137,1.0010833872897993,125.2553,1.0103253802398762,1.0118113890752116,123.8889,0
2018-03-22,1.0101564492884312,1.0128324486450215,123.0942,1.0000774238452672,1.0071158101088402,125.2844,0.9945838619204137,1.0010833872897993,125.2553,0
2018-03-23,1.0156623879733546,1.017831434347185,120.6521,1.0101564492884312,1.0128324486450215,123.0942,1.0000774238452672,1.0071158101088402,125.2844,1
2018-03-26,0.991830617635783,1.0014135730571678,123.3753,1.0156623879733546,1.017831434347185,120.6521,1.0101564492884312,1.0128324486450215,123.0942,0
2018-03-27,1.0112465315471053,1.0161666372508014,124.0827,0.991830617635783,1.0014135730571678,123.3753,1.0156623879733546,1.017831434347185,120.6521,1
2018-03-28,0.9910334678927278,1.002860007792894,127.5521,1.0112465315471053,1.0161666372508014,124.0827,0.991830617635783,1.0014135730571678,123.3753,1
2018-03-29,0.9971619287681466,1.0044492679207708,128.53799999999998,0.9910334678927278,1.002860007792894,127.5521,1.0112465315471053,1.0161666372508014,124.0827,0
2018-04-02,1.0186425577191789,1.0186425577191789,124.8112,0.9971619287681466,1.0044492679207708,128.53799999999998,0.9910334678927278,1.002860007792894,127.5521,1
2018-04-03,0.9903387216072523,1.0009348349696237,126.5464,1.0186425577191789,1.0186425577191789,124.8112,0.9971619287681466,1.0044492679207708,128.53799999999998,1
2018-04-04,0.9859897256929918,1.0012130382559559,125.9647,0.9903387216072523,1.0009348349696237,126.5464,1.0186425577191789,1.0186425577191789,124.8112,1
2018-04-05,0.9995286991938527,1.0038460374907052,125.6098,0.9859897256929918,1.0012130382559559,125.9647,0.9903387216072523,1.0009348349696237,126.5464,0
2018-04-06,1.0059826079640284,1.0090932405024582,123.6083,0.9995286991938527,1.0038460374907052,125.6098,0.9859897256929918,1.0012130382559559,125.9647,0
2018-04-09,1.0006334552815137,1.0083217374038462,124.3971,1.0059826079640284,1.0090932405024582,123.6083,0.9995286991938527,1.0038460374907052,125.6098,1
2018-04-10,0.9978166612234763,1.00210505172876,126.4577,1.0006334552815137,1.0083217374038462,124.3971,1.0059826079640284,1.0090932405024582,123.6083,0
2018-04-11,1.001564905486692,1.0056335010395672,126.014,0.9978166612234763,1.00210505172876,126.4577,1.0006334552815137,1.0083217374038462,124.3971,1
2018-04-12,0.9996112677166906,1.0030057757889963,126.8225,1.001564905486692,1.0056335010395672,126.014,0.9978166612234763,1.00210505172876,126.4577,0
2018-04-13,1.0024896645384178,1.0032377475756349,126.7239,0.9996112677166906,1.0030057757889963,126.8225,1.001564905486692,1.0056335010395672,126.014,0
2018-04-16,1.0026391664265277,1.004036696380909,127.0098,1.0024896645384178,1.0032377475756349,126.7239,0.9996112677166906,1.0030057757889963,126.8225,1
2018-04-17,0.997216961712639,1.0005410809857085,127.5225,1.0026391664265277,1.004036696380909,127.0098,1.0024896645384178,1.0032377475756349,126.7239,0
2018-04-18,1.0030992571684074,1.0043384885463431,127.2563,0.997216961712639,1.0005410809857085,127.5225,1.0026391664265277,1.004036696380909,127.0098,0
2018-04-19,1.0023341450611558,1.0023341450611558,126.6845,1.0030992571684074,1.0043384885463431,127.2563,0.997216961712639,1.0005410809857085,127.5225,1
2018-04-20,0.9978330498743858,1.0008507692633704,127.4141,1.0023341450611558,1.0023341450611558,126.6845,1.0030992571684074,1.0043384885463431,127.2563,0
2018-04-23,1.0022466471208105,1.0023244428763056,127.2563,0.9978330498743858,1.0008507692633704,127.4141,1.0023341450611558,1.0023341450611558,126.6845,0
2018-04-24,1.0079553030261488,1.0090363781788898,127.6507,1.0022466471208105,1.0023244428763056,127.2563,0.9978330498743858,1.0008507692633704,127.4141,1
2018-04-25,0.9971777331812858,1.0012966335493874,129.2578,1.0079553030261488,1.0090363781788898,127.6507,1.0022466471208105,1.0023244428763056,127.2563,1
2018-04-26,0.998404754601936,1.001975946473737,129.7606,0.9971777331812858,1.0012966335493874,129.2578,1.0079553030261488,1.0090363781788898,127.6507,0
2018-04-27,1.0029008508233401,1.004848686604371,129.16899999999998,0.998404754601936,1.001975946473737,129.7606,0.9971777331812858,1.0012966335493874,129.2578,0
2018-04-30,1.0021372236999524,1.0065657680260494,129.1395,1.0029008508233401,1.004848686604371,129.16899999999998,0.998404754601936,1.001975946473737,129.7606,1
2018-05-01,0.9978618380293905,1.0002292270710975,129.1296,1.0021372236999524,1.0065657680260494,129.1395,1.0029008508233401,1.004848686604371,129.16899999999998,0
2018-05-02,1.0062991475699004,1.0062991475699004,128.3507,0.9978618380293905,1.0002292270710975,129.1296,1.0021372236999524,1.0065657680260494,129.1395,1
2018-05-03,0.9986163264128866,1.0032280520136543,128.2817,1.0062991475699004,1.0062991475699004,128.3507,0.9978618380293905,1.0002292270710975,129.1296,1
2018-05-04,0.989186304351352,1.0,129.4747,0.9986163264128866,1.0032280520136543,128.2817,1.0062991475699004,1.0062991475699004,128.3507,1
2018-05-07,0.9991639801946598,1.0032700405670127,129.662,0.989186304351352,1.0,129.4747,0.9986163264128866,1.0032280520136543,128.2817,1
2018-05-08,0.9979374030494202,1.0006113407190111,129.0606,0.9991639801946598,1.0032700405670127,129.662,0.989186304351352,1.0,129.4747,1
2018-05-09,0.991561668138916,1.0,134.3749,0.9979374030494202,1.0006113407190111,129.0606,0.9991639801946598,1.0032700405670127,129.662,1
2018-05-10,0.9997112395956474,1.0020960780620511,136.4453,0.991561668138916,1.0,134.3749,0.9979374030494202,1.0006113407190111,129.0606,1
2018-05-11,0.9993484159970852,1.0006523185959284,136.1298,0.9997112395956474,1.0020960780620511,136.4453,0.991561668138916,1.0,134.3749,1
2018-05-14,0.9992760587640576,1.0022437772992292,136.1989,0.9993484159970852,1.0006523185959284,136.1298,0.9997112395956474,1.0020960780620511,136.4453,0
2018-05-15,1.001614971207498,1.001762395965029,134.3058,0.9992760587640576,1.0022437772992292,136.1989,0.9993484159970852,1.0006523185959284,136.1298,1
2018-05-16,0.9969421060404667,1.0022566829124206,135.42,1.001614971207498,1.001762395965029,134.3058,0.9992760587640576,1.0022437772992292,136.1989,0
2018-05-17,1.0024148512610436,1.0028534428699176,134.7495,0.9969421060404667,1.0022566829124206,135.42,1.001614971207498,1.001762395965029,134.3058,0
2018-05-18,1.0033810885688639,1.0033810885688639,134.1284,1.0024148512610436,1.0028534428699176,134.7495,0.9969421060404667,1.0022566829124206,135.42,0
2018-05-21,1.0002928658183965,1.0008793407694492,134.5326,1.0033810885688639,1.0033810885688639,134.1284,1.0024148512610436,1.0028534428699176,134.7495,0
2018-05-22,1.0055987853482633,1.0055987853482633,133.8326,1.0002928658183965,1.0008793407694492,134.5326,1.0033810885688639,1.0033810885688639,134.1284,1
2018-05-23,0.9982939081689302,1.0004445768395778,132.9354,1.0055987853482633,1.0055987853482633,133.8326,1.0002928658183965,1.0008793407694492,134.5326,1
2018-05-24,0.9996975011295843,1.002831236263105,130.579,0.9982939081689302,1.0004445768395778,132.9354,1.0055987853482633,1.0055987853482633,133.8326,1
2018-05-25,0.998769255262858,1.0020002528606815,128.1338,0.9996975011295843,1.002831236263105,130.579,0.9982939081689302,1.0004445768395778,132.9354,0
2018-05-29,1.0057621061866993,1.0088793111729464,124.9196,0.998769255262858,1.0020002528606815,128.1338,0.9996975011295843,1.002831236263105,130.579,1
2018-05-30,0.9953628045426499,1.0034581663905768,125.4422,1.0057621061866993,1.0088793111729464,124.9196,0.998769255262858,1.0020002528606815,128.1338,1
2018-05-31,0.9989054606496856,1.0013671834752298,126.1718,0.9953628045426499,1.0034581663905768,125.4422,1.0057621061866993,1.0088793111729464,124.9196,1
2018-06-01,0.9998478350872206,1.0042652520221713,129.4648,0.9989054606496856,1.0013671834752298,126.1718,0.9953628045426499,1.0034581663905768,125.4422,0
2018-06-04,1.0072239414289719,1.007521540019835,132.3931,0.9998478350872206,1.0042652520221713,129.4648,0.9989054606496856,1.0013671834752298,126.1718,0
2018-06-05,1.001273705281621,1.0021727466588035,131.5846,1.0072239414289719,1.007521540019835,132.3931,0.9998478350872206,1.0042652520221713,129.4648,1
2018-06-06,0.9989721168062629,1.0000737394465073,134.2565,1.001273705281621,1.0021727466588035,131.5846,1.0072239414289719,1.007521540019835,132.3931,0
2018-06-07,1.0022715683782222,1.0071090575815824,134.5326,0.9989721168062629,1.0000737394465073,134.2565,1.001273705281621,1.0021727466588035,131.5846,0
2018-06-08,1.0013209626496695,1.0014311669744447,134.296,1.0022715683782222,1.0071090575815824,134.5326,0.9989721168062629,1.0000737394465073,134.2565,1
2018-06-11,0.9951147291728908,1.0029891408845255,135.2228,1.0013209626496695,1.0014311669744447,134.296,1.0022715683782222,1.0071090575815824,134.5326,0
2018-06-12,1.001114886027591,1.0031961573745678,132.6593,0.9951147291728908,1.0029891408845255,135.2228,1.0013209626496695,1.0014311669744447,134.296,0
2018-06-13,1.0031758586802808,1.0038627130222189,133.5072,1.001114886027591,1.0031961573745678,132.6593,0.9951147291728908,1.0029891408845255,135.2228,1
2018-06-14,0.9997049502459248,1.0025843063485123,133.5368,1.0031758586802808,1.0038627130222189,133.5072,1.001114886027591,1.0031961573745678,132.6593,0
2018-06-15,1.0031665043584244,1.0041971119090438,133.9016,0.9997049502459248,1.0025843063485123,133.5368,1.0031758586802808,1.0038627130222189,133.5072,1
2018-06-18,0.9934079535458717,1.0002199082328889,134.6016,1.0031665043584244,1.0041971119090438,133.9016,0.9997049502459248,1.0025843063485123,133.5368,1
2018-06-19,0.9974291699444563,1.000257008510334,134.2368,0.9934079535458717,1.0002199082328889,134.6016,1.0031665043584244,1.0041971119090438,133.9016,0
2018-06-20,1.0061774522991083,1.0069239699339834,132.4818,0.9974291699444563,1.000257008510334,134.2368,0.9934079535458717,1.0002199082328889,134.6016,0
2018-06-21,1.007010158575307,1.007010158575307,130.7959,1.0061774522991083,1.0069239699339834,132.4818,0.9974291699444563,1.000257008510334,134.2368,0
2018-06-22,1.0067939411207254,1.0070989910126418,129.1592,1.007010158575307,1.007010158575307,130.7959,1.0061774522991083,1.0069239699339834,132.4818,0
2018-06-25,1.0099555628482375,1.0109668965702219,126.7633,1.0067939411207254,1.0070989910126418,129.1592,1.007010158575307,1.007010158575307,130.7959,0
2018-06-26,1.000464698970048,1.004334573838861,127.3943,1.0099555628482375,1.0109668965702219,126.7633,1.0067939411207254,1.0070989910126418,129.1592,0
2018-06-27,1.0120376177549675,1.0120376177549675,125.3238,1.000464698970048,1.004334573838861,127.3943,1.0099555628482375,1.0109668965702219,126.7633,1
2018-06-28,0.9926411892265626,1.002324083095006,127.27600000000001,1.0120376177549675,1.0120376177549675,125.3238,1.000464698970048,1.004334573838861,127.3943,0
2018-06-29,1.0045023622047244,1.0084614173228348,127.0,0.9926411892265626,1.002324083095006,127.27600000000001,1.0120376177549675,1.0120376177549675,125.3238,1
2018-07-02,0.9967954282923565,1.0010163931047003,126.1323,1.0045023622047244,1.0084614173228348,127.0,0.9926411892265626,1.002324083095006,127.27600000000001,0
2018-07-03,1.0072995896816967,1.007456424578337,125.6098,0.9967954282923565,1.0010163931047003,126.1323,1.0045023622047244,1.0084614173228348,127.0,1
2018-07-05,0.9946540957107822,1.0017822300349766,127.2563,1.0072995896816967,1.007456424578337,125.6098,0.9967954282923565,1.0010163931047003,126.1323,1
2018-07-06,0.99899639422136,1.0029333157976317,127.7394,0.9946540957107822,1.0017822300349766,127.2563,1.0072995896816967,1.007456424578337,125.6098,1
2018-07-09,0.9964039440213435,1.0008419768530086,128.8634,0.99899639422136,1.0029333157976317,127.7394,0.9946540957107822,1.0017822300349766,127.2563,1
2018-07-10,0.9993040599120463,1.0013149893882867,127.4535,0.9964039440213435,1.0008419768530086,128.8634,0.99899639422136,1.0029333157976317,127.7394,0
2018-07-11,1.0048415775321657,1.005309657414631,126.2605,0.9993040599120463,1.0013149893882867,127.4535,0.9964039440213435,1.0008419768530086,128.8634,1
2018-07-12,0.9990703867944675,1.001315905179453,127.3648,1.0048415775321657,1.005309657414631,126.2605,0.9993040599120463,1.0013149893882867,127.4535,1
2018-07-13,0.9969888033606364,1.0012358044985477,127.6901,0.9990703867944675,1.001315905179453,127.3648,1.0048415775321657,1.005309657414631,126.2605,0
2018-07-16,1.0015443640501496,1.0015443640501496,127.6901,0.9969888033606364,1.0012358044985477,127.6901,0.9990703867944675,1.001315905179453,127.3648,1
2018-07-17,0.994978507425374,1.0036511528677212,129.6029,1.0015443640501496,1.0015443640501496,127.6901,0.9969888033606364,1.0012358044985477,127.6901,0
2018-07-18,1.0039367630087097,1.006510593631919,130.2339,0.994978507425374,1.0036511528677212,129.6029,1.0015443640501496,1.0015443640501496,127.6901,1
2018-07-19,0.9996205310410228,1.0018973447948867,129.9184,1.0039367630087097,1.006510593631919,130.2339,0.994978507425374,1.0036511528677212,129.6029,0
2018-07-20,1.0022762968851362,1.0035660445455448,129.9479,0.9996205310410228,1.0018973447948867,129.9184,1.0039367630087097,1.006510593631919,130.2339,1
2018-07-23,0.9977987186525294,1.0006837138288054,129.8789,1.0022762968851362,1.0035660445455448,129.9479,0.9996205310410228,1.0018973447948867,129.9184,0
2018-07-24,1.001432866421353,1.0045258076608246,130.717,0.9977987186525294,1.0006837138288054,129.8789,1.0022762968851362,1.0035660445455448,129.9479,1
2018-07-25,0.9952344494377539,1.0010586702794428,130.3522,1.001432866421353,1.0045258076608246,130.717,0.9977987186525294,1.0006837138288054,129.8789,1
2018-07-26,0.9989502222790217,1.0019618672046398,131.4564,0.9952344494377539,1.0010586702794428,130.3522,1.001432866421353,1.0045258076608246,130.717,1
2018-07-27,0.9994795226090851,1.0022312639453996,132.5706,0.9989502222790217,1.0019618672046398,131.4564,0.9952344494377539,1.0010586702794428,130.3522,1
2018-07-30,0.9988886659708617,1.0043709466176447,133.0833,0.9994795226090851,1.0022312639453996,132.5706,0.9989502222790217,1.0019618672046398,131.4564,0
2018-07-31,1.0010616413590856,1.0034134077610597,129.9874,0.9988886659708617,1.0043709466176447,133.0833,0.9994795226090851,1.0022312639453996,132.5706,0
2018-08-01,1.006609631816231,1.0117760553797457,129.7803,1.0010616413590856,1.0034134077610597,129.9874,0.9988886659708617,1.0043709466176447,133.0833,1
2018-08-02,0.9961844615485824,1.000381553845142,129.2085,1.006609631816231,1.0117760553797457,129.7803,1.0010616413590856,1.0034134077610597,129.9874,1
2018-08-03,0.9931451083388049,1.0025893167509945,129.455,0.9961844615485824,1.000381553845142,129.2085,1.006609631816231,1.0117760553797457,129.7803,0
2018-08-06,1.0000781712661377,1.0018682142998145,126.645,0.9931451083388049,1.0025893167509945,129.455,0.9961844615485824,1.000381553845142,129.2085,0
2018-08-07,1.0018679861735877,1.004824249885569,126.714,1.0000781712661377,1.0018682142998145,126.645,0.9931451083388049,1.0025893167509945,129.455,0
2018-08-08,1.005193764609458,1.005193764609458,125.3041,1.0018679861735877,1.004824249885569,126.714,1.0000781712661377,1.0018682142998145,126.645,0
2018-08-09,1.0083694998350676,1.0083694998350676,123.6872,1.005193764609458,1.005193764609458,125.3041,1.0018679861735877,1.004824249885569,126.714,0
2018-08-10,1.0066008459859752,1.0066008459859752,122.4843,1.0083694998350676,1.0083694998350676,123.6872,1.005193764609458,1.005193764609458,125.3041,0
2018-08-13,1.0045341585321186,1.0066398608462557,121.7646,1.0066008459859752,1.0066008459859752,122.4843,1.0083694998350676,1.0083694998350676,123.6872,0
2018-08-14,1.0038072452682614,1.0038072452682614,121.7153,1.0045341585321186,1.0066398608462557,121.7646,1.0066008459859752,1.0066008459859752,122.4843,0
2018-08-15,1.0058266424056375,1.0058266424056375,120.1378,1.0038072452682614,1.0038072452682614,121.7153,1.0045341585321186,1.0066398608462557,121.7646,1
2018-08-16,0.9938092287354898,1.0029322096914115,121.035,1.0058266424056375,1.0058266424056375,120.1378,1.0038072452682614,1.0038072452682614,121.7153,1
2018-08-17,0.9947271729534989,1.0021900866902458,121.5477,0.9938092287354898,1.0029322096914115,121.035,1.0058266424056375,1.0058266424056375,120.1378,1
2018-08-20,0.9958630154569195,1.0023523545761073,121.5378,0.9947271729534989,1.0021900866902458,121.5477,0.9938092287354898,1.0029322096914115,121.035,0
2018-08-21,1.0031005994326738,1.0031005994326738,120.8476,0.9958630154569195,1.0023523545761073,121.5378,0.9947271729534989,1.0021900866902458,121.5477,0
2018-08-22,1.006303216689672,1.0082433615407063,122.0012,1.0031005994326738,1.0031005994326738,120.8476,0.9958630154569195,1.0023523545761073,121.5378,0
2018-08-23,1.008015463489904,1.008015463489904,120.542,1.006303216689672,1.0082433615407063,122.0012,1.0031005994326738,1.0031005994326738,120.8476,0
2018-08-24,1.001464736912939,1.0023605878433441,121.1139,1.008015463489904,1.008015463489904,120.542,1.006303216689672,1.0082433615407063,122.0012,1
2018-08-27,0.9932000885375899,1.0042704951689272,124.6928,1.001464736912939,1.0023605878433441,121.1139,1.008015463489904,1.008015463489904,120.542,0
2018-08-28,1.0053146256793124,1.0080902022148297,124.2985,0.9932000885375899,1.0042704951689272,124.6928,1.001464736912939,1.0023605878433441,121.1139,1
2018-08-29,0.9950576304791122,1.0022746674919862,125.6887,1.0053146256793124,1.0080902022148297,124.2985,0.9932000885375899,1.0042704951689272,124.6928,0
2018-08-30,1.0031935274389108,1.0066267313793222,123.4998,0.9950576304791122,1.0022746674919862,125.6887,1.0053146256793124,1.0080902022148297,124.2985,0
2018-08-31,1.0041909031163252,1.0057227448249255,122.3364,1.0031935274389108,1.0066267313793222,123.4998,0.9950576304791122,1.0022746674919862,125.6887,0
2018-09-04,1.001311769766949,1.0033608904738747,120.2955,1.0041909031163252,1.0057227448249255,122.3364,1.0031935274389108,1.0066267313793222,123.4998,0
2018-09-05,1.0003317134938354,1.0065576558464082,118.7772,1.001311769766949,1.0033608904738747,120.2955,1.0041909031163252,1.0057227448249255,122.3364,0
2018-09-06,1.0025788790146253,1.0025788790146253,118.5011,1.0003317134938354,1.0065576558464082,118.7772,1.001311769766949,1.0033608904738747,120.2955,0
2018-09-07,1.0021789844895073,1.0039396855733034,117.6236,1.0025788790146253,1.0025788790146253,118.5011,1.0003317134938354,1.0065576558464082,118.7772,0
2018-09-10,1.0031045408164567,1.0040270523967854,117.5053,1.0021789844895073,1.0039396855733034,117.6236,1.0025788790146253,1.0025788790146253,118.5011,0
2018-09-11,1.0012508996920537,1.0014175171628683,118.2349,1.0031045408164567,1.0040270523967854,117.5053,1.0021789844895073,1.0039396855733034,117.6236,1
2018-09-12,0.9990831042503702,1.0034197504757878,118.225,1.0012508996920537,1.0014175171628683,118.2349,1.0031045408164567,1.0040270523967854,117.5053,1
2018-09-13,0.998278531878762,1.0036899294946533,120.2462,0.9990831042503702,1.0034197504757878,118.225,1.0012508996920537,1.0014175171628683,118.2349,0
2018-09-14,1.003516871444248,1.0044981117552256,120.5617,0.998278531878762,1.0036899294946533,120.2462,0.9990831042503702,1.0034197504757878,118.225,0
2018-09-17,1.0015510243965455,1.0044087847769398,120.7589,1.003516871444248,1.0044981117552256,120.5617,0.998278531878762,1.0036899294946533,120.2462,1
2018-09-18,0.9948009744218325,1.0021594329987644,123.2731,1.0015510243965455,1.0044087847769398,120.7589,1.003516871444248,1.0044981117552256,120.5617,1
2018-09-19,0.9972871259883942,1.0026335596759444,123.559,0.9948009744218325,1.0021594329987644,123.2731,1.0015510243965455,1.0044087847769398,120.7589,0
2018-09-20,1.0037615407218847,1.0075230814437695,123.1942,0.9972871259883942,1.0026335596759444,123.559,0.9948009744218325,1.0021594329987644,123.2731,1
2018-09-21,0.9994388756694864,1.0018443912776882,122.9674,1.0037615407218847,1.0075230814437695,123.1942,0.9972871259883942,1.0026335596759444,123.559,0
2018-09-24,1.0027417518420123,1.0053223685071522,122.2576,0.9994388756694864,1.0018443912776882,122.9674,1.0037615407218847,1.0075230814437695,123.1942,0
2018-09-25,1.0035232430079302,1.0058054728032928,123.1252,1.0027417518420123,1.0053223685071522,122.2576,0.9994388756694864,1.0018443912776882,122.9674,1
2018-09-26,0.9984819442136786,1.00127895997374,123.3815,1.0035232430079302,1.0058054728032928,123.1252,1.0027417518420123,1.0053223685071522,122.2576,0
2018-09-27,1.001524757242597,1.0059385282080089,124.61,0.9984819442136786,1.00127895997374,123.3815,1.0035232430079302,1.0058054728032928,123.1252,0
2018-09-28,1.0012866907921192,1.005146763168476,124.35,1.001524757242597,1.0059385282080089,124.61,0.9984819442136786,1.00127895997374,123.3815,1
2018-10-01,0.9982374619452011,1.001762538054799,124.82,1.0012866907921192,1.005146763168476,124.35,1.001524757242597,1.0059385282080089,124.61,1
2018-10-02,0.9985681330045343,1.0024659931588578,125.71,0.9982374619452011,1.001762538054799,124.82,1.0012866907921192,1.005146763168476,124.35,0
2018-10-03,1.0022004889975549,1.0052159739201305,122.7,0.9985681330045343,1.0024659931588578,125.71,0.9982374619452011,1.001762538054799,124.82,0
2018-10-04,1.0042560157145195,1.0064658700278277,122.18,1.0022004889975549,1.0052159739201305,122.7,0.9985681330045343,1.0024659931588578,125.71,0
2018-10-05,1.0111934156378601,1.0112181069958848,121.5,1.0042560157145195,1.0064658700278277,122.18,1.0022004889975549,1.0052159739201305,122.7,1
2018-10-08,0.9989319750246468,1.0013144922773578,121.72,1.0111934156378601,1.0112181069958848,121.5,1.0042560157145195,1.0064658700278277,122.18,1
2018-10-09,0.9981654436290861,1.0021681120747166,119.92,0.9989319750246468,1.0013144922773578,121.72,1.0111934156378601,1.0112181069958848,121.5,0
2018-10-10,1.0164713873323146,1.0179996603837664,117.78,0.9981654436290861,1.0021681120747166,119.92,0.9989319750246468,1.0013144922773578,121.72,0
2018-10-11,1.0089079229122055,1.0149036402569593,116.75,1.0164713873323146,1.0179996603837664,117.78,0.9981654436290861,1.0021681120747166,119.92,0
2018-10-12,1.0046248715313464,1.0058239122987325,116.76,1.0089079229122055,1.0149036402569593,116.75,1.0164713873323146,1.0179996603837664,117.78,1
2018-10-15,0.9976649658393151,1.0032863443742974,115.63,1.0046248715313464,1.0058239122987325,116.76,1.0089079229122055,1.0149036402569593,116.75,1
2018-10-16,0.9929684852592341,1.0016943409013892,118.04,0.9976649658393151,1.0032863443742974,115.63,1.0046248715313464,1.0058239122987325,116.76,0
2018-10-17,1.0023783232820862,1.0028030238681729,117.73,0.9929684852592341,1.0016943409013892,118.04,0.9976649658393151,1.0032863443742974,115.63,0
2018-10-18,1.0106282677637781,1.014742435930402,116.67,1.0023783232820862,1.0028030238681729,117.73,0.9929684852592341,1.0016943409013892,118.04,0
2018-10-19,1.0042984869325997,1.0091987620357634,116.32,1.0106282677637781,1.014742435930402,116.67,1.0023783232820862,1.0028030238681729,117.73,0
2018-10-22,1.01400512382579,1.0140905209222888,117.1,1.0042984869325997,1.0091987620357634,116.32,1.0106282677637781,1.014742435930402,116.67,1
2018-10-23,0.9814359582944817,1.0050860388234297,117.97,1.01400512382579,1.0140905209222888,117.1,1.0042984869325997,1.0091987620357634,116.32,0
2018-10-24,1.0184166884873878,1.0187658200226937,114.57,0.9814359582944817,1.0050860388234297,117.97,1.01400512382579,1.0140905209222888,117.1,1
2018-10-25,0.990485170581176,1.0054003085890624,116.66,1.0184166884873878,1.0187658200226937,114.57,0.9814359582944817,1.0050860388234297,117.97,1
2018-10-26,0.988917306052856,1.0075873827791986,117.3,0.990485170581176,1.0054003085890624,116.66,1.0184166884873878,1.0187658200226937,114.57,0
2018-10-29,1.0042494146214551,1.0234585031653802,115.31,0.988917306052856,1.0075873827791986,117.3,0.990485170581176,1.0054003085890624,116.66,1
2018-10-30,0.9910529938059188,1.0013764624913972,116.24,1.0042494146214551,1.0234585031653802,115.31,0.988917306052856,1.0075873827791986,117.3,0
2018-10-31,1.0014523707817173,1.0057240495514737,117.05,0.9910529938059188,1.0013764624913972,116.24,1.0042494146214551,1.0234585031653802,115.31,1
2018-11-01,0.9932030586236194,1.0009345794392523,117.7,1.0014523707817173,1.0057240495514737,117.05,0.9910529938059188,1.0013764624913972,116.24,0
2018-11-02,1.0133379525376753,1.0162826953057336,115.46,0.9932030586236194,1.0009345794392523,117.7,1.0014523707817173,1.0057240495514737,117.05,1
2018-11-05,0.9972272766658002,1.004765618230656,115.41,1.0133379525376753,1.0162826953057336,115.46,0.9932030586236194,1.0009345794392523,117.7,1
2018-11-06,0.9973634971934002,1.0024664058513353,117.58,0.9972272766658002,1.004765618230656,115.41,1.0133379525376753,1.0162826953057336,115.46,1
2018-11-07,0.9907803201743357,1.0014248596094208,119.31,0.9973634971934002,1.0024664058513353,117.58,0.9972272766658002,1.004765618230656,115.41,0
2018-11-08,1.0044334555375565,1.0074175121493734,117.29,0.9907803201743357,1.0014248596094208,119.31,0.9973634971934002,1.0024664058513353,117.58,0
2018-11-09,1.0009382463323098,1.0026441487546913,117.24,1.0044334555375565,1.0074175121493734,117.29,0.9907803201743357,1.0014248596094208,119.31,0
2018-11-12,1.0141905338755732,1.014969282685818,115.57,1.0009382463323098,1.0026441487546913,117.24,1.0044334555375565,1.0074175121493734,117.29,0
2018-11-13,1.0033880635913475,1.0086873425419165,115.11,1.0141905338755732,1.014969282685818,115.57,1.0009382463323098,1.0026441487546913,117.24,0
2018-11-14,1.000684462696783,1.0065879534565367,116.88,1.0033880635913475,1.0086873425419165,115.11,1.0141905338755732,1.014969282685818,115.57,1
2018-11-15,0.9943589743589744,1.0025641025641026,117.0,1.000684462696783,1.0065879534565367,116.88,1.0033880635913475,1.0086873425419165,115.11,1
2018-11-16,0.9902530779753762,1.0024786251709987,116.96,0.9943589743589744,1.0025641025641026,117.0,1.000684462696783,1.0065879534565367,116.88,0
2018-11-19,1.0102441522963974,1.0112822263957657,117.14,0.9902530779753762,1.0024786251709987,116.96,0.9943589743589744,1.0025641025641026,117.0,0
2018-11-20,1.0055418194219454,1.0086111347941,117.29,1.0102441522963974,1.0112822263957657,117.14,0.9902530779753762,1.0024786251709987,116.96,1
2018-11-21,0.999748427672956,1.0070440251572328,119.25,1.0055418194219454,1.0086111347941,117.29,1.0102441522963974,1.0112822263957657,117.14,1
2018-11-23,0.99841283100827,1.0020883802522764,119.71,0.999748427672956,1.0070440251572328,119.25,1.0055418194219454,1.0086111347941,117.29,1
2018-11-26,0.9940628349962893,1.0003298425002063,121.27,0.99841283100827,1.0020883802522764,119.71,0.999748427672956,1.0070440251572328,119.25,0
2018-11-27,1.0072727272727273,1.0094851239669422,121.0,0.9940628349962893,1.0003298425002063,121.27,0.99841283100827,1.0020883802522764,119.71,1
2018-11-28,0.9920217140977134,1.0,121.58,1.0072727272727273,1.0094851239669422,121.0,0.9940628349962893,1.0003298425002063,121.27,1
2018-11-29,0.9978650024634587,1.0044342256528165,121.78,0.9920217140977134,1.0,121.58,1.0072727272727273,1.0094851239669422,121.0,1
2018-11-30,0.994402370760619,1.0008231807704973,121.48,0.9978650024634587,1.0044342256528165,121.78,0.9920217140977134,1.0,121.58,1
2018-12-03,0.997975872398996,1.0025099182252448,123.51,0.994402370760619,1.0008231807704973,121.48,0.9978650024634587,1.0044342256528165,121.78,0
2018-12-04,1.011499007279947,1.016297154202515,120.88,0.997975872398996,1.0025099182252448,123.51,0.994402370760619,1.0008231807704973,121.48,1
2018-12-06,0.9871952721004679,1.0000820815890996,121.83,1.011499007279947,1.016297154202515,120.88,0.997975872398996,1.0025099182252448,123.51,0
2018-12-07,1.0140035008752188,1.0171709594065184,119.97,0.9871952721004679,1.0000820815890996,121.83,1.011499007279947,1.016297154202515,120.88,0
2018-12-10,1.000909541921614,1.002728625764842,120.94,1.0140035008752188,1.0171709594065184,119.97,0.9871952721004679,1.0000820815890996,121.83,0
2018-12-11,1.0022423386761898,1.0061456689643717,120.41,1.000909541921614,1.002728625764842,120.94,1.0140035008752188,1.0171709594065184,119.97,0
2018-12-12,1.0037738944950365,1.0082861596521455,121.89,1.0022423386761898,1.0061456689643717,120.41,1.000909541921614,1.002728625764842,120.94,0
2018-12-13,1.0062924325219407,1.0062924325219407,120.78,1.0037738944950365,1.0082861596521455,121.89,1.0022423386761898,1.0061456689643717,120.41,0
2018-12-14,1.0019150707743547,1.0076602830974188,120.1,1.0062924325219407,1.0062924325219407,120.78,1.0037738944950365,1.0082861596521455,121.89,0
2018-12-17,1.0037641154328734,1.008030112923463,119.55,1.0019150707743547,1.0076602830974188,120.1,1.0062924325219407,1.0062924325219407,120.78,0
2018-12-18,1.0072493958836763,1.0104991250729105,120.01,1.0037641154328734,1.008030112923463,119.55,1.0019150707743547,1.0076602830974188,120.1,0
2018-12-19,1.0094655721226338,1.0219467247445133,119.38,1.0072493958836763,1.0104991250729105,120.01,1.0037641154328734,1.008030112923463,119.55,0
2018-12-20,1.0046433094132545,1.0091177712114816,118.45,1.0094655721226338,1.0219467247445133,119.38,1.0072493958836763,1.0104991250729105,120.01,0
2018-12-21,1.0145665145665146,1.0197437697437697,113.96,1.0046433094132545,1.0091177712114816,118.45,1.0094655721226338,1.0219467247445133,119.38,0
2018-12-24,1.0146677399159287,1.0157409891780698,111.81,1.0145665145665146,1.0197437697437697,113.96,1.0046433094132545,1.0091177712114816,118.45,1
2018-12-26,0.9896236370031657,1.0014948997537811,113.72,1.0146677399159287,1.0157409891780698,111.81,1.0145665145665146,1.0197437697437697,113.96,1
2018-12-27,0.982074818150329,1.0,115.48,0.9896236370031657,1.0014948997537811,113.72,1.0146677399159287,1.0157409891780698,111.81,1
2018-12-28,0.9967337115351554,1.0078219013237064,116.34,0.982074818150329,1.0,115.48,0.9896236370031657,1.0014948997537811,113.72,0
2018-12-31,1.0031013094417642,1.0059441764300483,116.08,0.9967337115351554,1.0078219013237064,116.34,0.982074818150329,1.0,115.48,1
2019-01-02,0.9862401100791194,1.0021499828001377,116.28,1.0031013094417642,1.0059441764300483,116.08,0.9967337115351554,1.0078219013237064,116.34,0
2019-01-03,1.0104666375926732,1.014217182730048,114.65,0.9862401100791194,1.0021499828001377,116.28,1.0031013094417642,1.0059441764300483,116.08,1
2019-01-04,0.9850496951474149,1.0036749352710264,119.73,1.0104666375926732,1.014217182730048,114.65,0.9862401100791194,1.0021499828001377,116.28,1
2019-01-07,0.9953001319261213,1.0074208443271768,121.28,0.9850496951474149,1.0036749352710264,119.73,1.0104666375926732,1.014217182730048,114.65,0
2019-01-08,1.006949554410923,1.0095658572479764,122.31,0.9953001319261213,1.0074208443271768,121.28,0.9850496951474149,1.0036749352710264,119.73,1
2019-01-09,0.9994305239179954,1.0030914415880248,122.92,1.006949554410923,1.0095658572479764,122.31,0.9953001319261213,1.0074208443271768,121.28,1
2019-01-10,0.9937344365009237,1.0007285725761106,124.49,0.9994305239179954,1.0030914415880248,122.92,1.006949554410923,1.0095658572479764,122.31,1
2019-01-11,0.9995202686495563,1.0036235708003518,125.07,0.9937344365009237,1.0007285725761106,124.49,0.9994305239179954,1.0030914415880248,122.92,1
2019-01-14,0.9932211500119628,1.0056224579312545,125.39,0.9995202686495563,1.0036235708003518,125.07,0.9937344365009237,1.0007285725761106,124.49,1
2019-01-15,0.9989705416534685,1.0028508077288565,126.28,0.9932211500119628,1.0056224579312545,125.39,0.9995202686495563,1.0036235708003518,125.07,0
2019-01-16,1.0031831927423205,1.005650167117619,125.66,0.9989705416534685,1.0028508077288565,126.28,0.9932211500119628,1.0056224579312545,125.39,1
2019-01-17,0.9965577969900736,1.0029618956131925,124.92,1.0031831927423205,1.005650167117619,125.66,0.9989705416534685,1.0028508077288565,126.28,1
2019-01-18,0.9963302752293578,1.0035101715197448,125.35,0.9965577969900736,1.0029618956131925,124.92,1.0031831927423205,1.005650167117619,125.66,0
2019-01-22,1.0032362459546926,1.0060679611650485,123.6,0.9963302752293578,1.0035101715197448,125.35,0.9965577969900736,1.0029618956131925,124.92,0
2019-01-23,1.0048991589777088,1.0065836531395445,122.47,1.0032362459546926,1.0060679611650485,123.6,0.9963302752293578,1.0035101715197448,125.35,1
2019-01-24,0.9984531466254173,1.0019539200521046,122.83,1.0048991589777088,1.0065836531395445,122.47,1.0032362459546926,1.0060679611650485,123.6,0
2019-01-25,1.0001616553507922,1.0021823472356934,123.72,0.9984531466254173,1.0019539200521046,122.83,1.0048991589777088,1.0065836531395445,122.47,1
2019-01-28,0.998203788373612,1.0007348138471586,122.48,1.0001616553507922,1.0021823472356934,123.72,0.9984531466254173,1.0019539200521046,122.83,0
2019-01-29,1.001717510427742,1.0045800278073118,122.27,0.998203788373612,1.0007348138471586,122.48,1.0001616553507922,1.0021823472356934,123.72,1
2019-01-30,0.9923602080624186,1.0036167100130038,123.04,1.001717510427742,1.0045800278073118,122.27,0.998203788373612,1.0007348138471586,122.48,1
2019-01-31,0.9961841357473411,1.0017049606235284,123.17,0.9923602080624186,1.0036167100130038,123.04,1.001717510427742,1.0045800278073118,122.27,0
2019-02-01,1.0035245901639345,1.0053278688524592,122.0,0.9961841357473411,1.0017049606235284,123.17,0.9923602080624186,1.0036167100130038,123.04,1
2019-02-04,0.9962571196094385,1.0003254678600488,122.9,1.0035245901639345,1.0053278688524592,122.0,0.9961841357473411,1.0017049606235284,123.17,0
2019-02-05,1.0004049566696362,1.0020247833481817,123.47,0.9962571196094385,1.0003254678600488,122.9,1.0035245901639345,1.0053278688524592,122.0,0
2019-02-06,1.0055349029326726,1.0079306071871128,121.05,1.0004049566696362,1.0020247833481817,123.47,0.9962571196094385,1.0003254678600488,122.9,0
2019-02-07,1.0095673524680382,1.011006688680044,118.11,1.0055349029326726,1.0079306071871128,121.05,1.0004049566696362,1.0020247833481817,123.47,1
2019-02-08,0.9997442673258886,1.0000852442247037,117.31,1.0095673524680382,1.011006688680044,118.11,1.0055349029326726,1.0079306071871128,121.05,0
2019-02-11,1.0063166880068288,1.0063166880068288,117.15,0.9997442673258886,1.0000852442247037,117.31,1.0095673524680382,1.011006688680044,118.11,1
2019-02-12,0.993822007012857,1.0004174319585908,119.78,1.0063166880068288,1.0063166880068288,117.15,0.9997442673258886,1.0000852442247037,117.31,0
2019-02-13,1.0027585053916241,1.0035944161163588,119.63,0.993822007012857,1.0004174319585908,119.78,1.0063166880068288,1.0063166880068288,117.15,1
2019-02-14,0.9985744234800839,1.0020545073375262,119.25,1.0027585053916241,1.0035944161163588,119.63,0.993822007012857,1.0004174319585908,119.78,1
2019-02-15,0.9933966157655798,1.000660338423442,121.15,0.9985744234800839,1.0020545073375262,119.25,1.0027585053916241,1.0035944161163588,119.63,1
2019-02-19,0.9920158037698577,1.002304716437567,121.49,0.9933966157655798,1.000660338423442,121.15,0.9985744234800839,1.0020545073375262,119.25,1
2019-02-20,0.9960908868800391,1.0046420718299536,122.79,0.9920158037698577,1.002304716437567,121.49,0.9933966157655798,1.000660338423442,121.15,0
2019-02-21,1.0041240514681624,1.0061035961728804,121.24,0.9960908868800391,1.0046420718299536,122.79,0.9920158037698577,1.002304716437567,121.49,0
2019-02-22,1.0009850599244787,1.001641766540798,121.82,1.0041240514681624,1.0061035961728804,121.24,0.9960908868800391,1.0046420718299536,122.79,0
2019-02-25,1.002450780165019,1.0044114042970347,122.41,1.0009850599244787,1.001641766540798,121.82,1.0041240514681624,1.0061035961728804,121.24,1
2019-02-26,0.9961048445995293,1.0034082609754118,123.23,1.002450780165019,1.0044114042970347,122.41,1.0009850599244787,1.001641766540798,121.82,0
2019-02-27,1.0031066056245914,1.0035971223021585,122.32,0.9961048445995293,1.0034082609754118,123.23,1.002450780165019,1.0044114042970347,122.41,0
2019-02-28,1.0021480502313285,1.0033046926635822,121.04,1.0031066056245914,1.0035971223021585,122.32,0.9961048445995293,1.0034082609754118,123.23,0
2019-03-01,1.0004985873358816,1.0021605451221538,120.34,1.0021480502313285,1.0033046926635822,121.04,1.0031066056245914,1.0035971223021585,122.32,0
2019-03-04,1.0050667117041039,1.0051511568991724,118.42,1.0004985873358816,1.0021605451221538,120.34,1.0021480502313285,1.0033046926635822,121.04,0
2019-03-05,1.002029426686961,1.002029426686961,118.26,1.0050667117041039,1.0051511568991724,118.42,1.0004985873358816,1.0021605451221538,120.34,0
2019-03-06,1.00110188167486,1.0027547041871503,117.98,1.002029426686961,1.002029426686961,118.26,1.0050667117041039,1.0051511568991724,118.42,0
2019-03-07,1.0085295121119071,1.0086779256226546,117.24,1.00110188167486,1.0027547041871503,117.98,1.002029426686961,1.002029426686961,118.26,1
2019-03-08,0.9923540905615497,1.0001699090986322,117.71,1.0085295121119071,1.0086779256226546,117.24,1.00110188167486,1.0027547041871503,117.98,1
2019-03-11,0.9947116595316041,1.0019306639805254,119.13,0.9923540905615497,1.0001699090986322,117.71,1.0085295121119071,1.0086779256226546,117.24,0
2019-03-12,1.0035365442910071,1.0037049511620073,118.76,0.9947116595316041,1.0019306639805254,119.13,0.9923540905615497,1.0001699090986322,117.71,1
2019-03-13,0.9944681921046015,1.0029335344899841,119.31,1.0035365442910071,1.0037049511620073,118.76,0.9947116595316041,1.0019306639805254,119.13,0
2019-03-14,1.0016992353440952,1.003483432455395,117.7,0.9944681921046015,1.0029335344899841,119.31,1.0035365442910071,1.0037049511620073,118.76,0
2019-03-15,1.0002521644111961,1.0019332604858369,118.97,1.0016992353440952,1.003483432455395,117.7,0.9944681921046015,1.0029335344899841,119.31,1
2019-03-18,0.9952305246422893,1.0007530750564806,119.51,1.0002521644111961,1.0019332604858369,118.97,1.0016992353440952,1.003483432455395,117.7,0
2019-03-19,1.0017539463793534,1.0063476154681366,119.73,0.9952305246422893,1.0007530750564806,119.51,1.0002521644111961,1.0019332604858369,118.97,0
2019-03-20,1.005431603576502,1.006309016461937,119.67,1.0017539463793534,1.0063476154681366,119.73,0.9952305246422893,1.0007530750564806,119.51,1
2019-03-21,0.9931916306874793,1.0004151444702756,120.44,1.005431603576502,1.006309016461937,119.67,1.0017539463793534,1.0063476154681366,119.73,0
2019-03-22,1.007403094327067,1.007818998502745,120.22,0.9931916306874793,1.0004151444702756,120.44,1.005431603576502,1.006309016461937,119.67,1
2019-03-25,0.9950203336376463,1.0015768943480787,120.49,1.007403094327067,1.007818998502745,120.22,0.9931916306874793,1.0004151444702756,120.44,0
2019-03-26,1.0019709288001972,1.0041874024800854,121.77,0.9950203336376463,1.0015768943480787,120.49,1.007403094327067,1.007818998502745,120.22,0
2019-03-27,1.0007436172849706,1.002726596711559,121.03,1.0019709288001972,1.0041874024800854,121.77,0.9950203336376463,1.0015768943480787,120.49,0
2019-03-28,1.002435542118082,1.003695305282607,119.07,1.0007436172849706,1.002726596711559,121.03,1.0019709288001972,1.0041874024800854,121.77,0
2019-03-29,1.0019488222335198,1.002457210642264,118.02,1.002435542118082,1.003695305282607,119.07,1.0007436172849706,1.002726596711559,121.03,0
